Time,End_time,Duration_s,Flow_Lmin,Litros_totales
1551112805,1551113165,360,0.72,4.319999999999999
1551136662,1551137022,360,0.72,4.319999999999999
1551163319,1551163679,360,0.72,4.319999999999999
1551181357,1551181717,360,0.72,4.319999999999999
1551201563,1551201923,360,0.72,4.319999999999999
1551215602,1551215962,360,0.72,4.319999999999999
1551257560,1551257920,360,0.72,4.319999999999999
1551289362,1551289722,360,0.72,4.319999999999999
1551335545,1551335905,360,0.72,4.319999999999999
1551371339,1551371699,360,0.72,4.319999999999999
1551422209,1551422569,360,0.72,4.319999999999999
1551422701,1551423061,360,0.72,4.319999999999999
1551426306,1551426666,360,0.72,4.319999999999999
1551439207,1551439567,360,0.72,4.319999999999999
1551479301,1551479661,360,0.72,4.319999999999999
1551522524,1551522884,360,0.72,4.319999999999999
1551539412,1551539772,360,0.72,4.319999999999999
1551560140,1551560500,360,0.72,4.319999999999999
1551678811,1551679171,360,0.72,4.319999999999999
1551693380,1551693740,360,0.72,4.319999999999999
1551736130,1551736490,360,0.72,4.319999999999999
1551768518,1551768878,360,0.72,4.319999999999999
1551790628,1551790988,360,0.72,4.319999999999999
1551799422,1551799782,360,0.72,4.319999999999999
1551866556,1551866916,360,0.72,4.319999999999999
1551872374,1551872734,360,0.72,4.319999999999999
1551888518,1551888878,360,0.72,4.319999999999999
1551907869,1551908229,360,0.72,4.319999999999999
1551933874,1551934234,360,0.72,4.319999999999999
1552242106,1552242466,360,0.72,4.319999999999999
1552254243,1552254603,360,0.72,4.319999999999999
1552286203,1552286563,360,0.72,4.319999999999999
1552286552,1552286912,360,0.72,4.319999999999999
1552313962,1552314322,360,0.72,4.319999999999999
1552404033,1552404393,360,0.72,4.319999999999999
1552404860,1552405220,360,0.72,4.319999999999999
1552459254,1552459614,360,0.72,4.319999999999999
1552461437,1552461797,360,0.72,4.319999999999999
1552518530,1552518890,360,0.72,4.319999999999999
1552584321,1552584681,360,0.72,4.319999999999999
1552602146,1552602506,360,0.72,4.319999999999999
1552634065,1552634425,360,0.72,4.319999999999999
1552635694,1552636054,360,0.72,4.319999999999999
1552640222,1552640582,360,0.72,4.319999999999999
1552659584,1552659944,360,0.72,4.319999999999999
1552692090,1552692450,360,0.72,4.319999999999999
1552719088,1552719448,360,0.72,4.319999999999999
1552725074,1552725434,360,0.72,4.319999999999999
1552730333,1552730693,360,0.72,4.319999999999999
1552754519,1552754879,360,0.72,4.319999999999999
1552810190,1552810550,360,0.72,4.319999999999999
1552952664,1552953024,360,0.72,4.319999999999999
1552953501,1552953861,360,0.72,4.319999999999999
1553030250,1553030610,360,0.72,4.319999999999999
1553031424,1553031784,360,0.72,4.319999999999999
1553066023,1553066383,360,0.72,4.319999999999999
1553068085,1553068445,360,0.72,4.319999999999999
1553082902,1553083262,360,0.72,4.319999999999999
1553103078,1553103438,360,0.72,4.319999999999999
1553123921,1553124281,360,0.72,4.319999999999999
1553151294,1553151654,360,0.72,4.319999999999999
1553239859,1553240219,360,0.72,4.319999999999999
1553249761,1553250121,360,0.72,4.319999999999999
1553279976,1553280336,360,0.72,4.319999999999999
1553323597,1553323957,360,0.72,4.319999999999999
1553337548,1553337908,360,0.72,4.319999999999999
1553410479,1553410839,360,0.72,4.319999999999999
1553433665,1553434025,360,0.72,4.319999999999999
1553435525,1553435885,360,0.72,4.319999999999999
1553448602,1553448962,360,0.72,4.319999999999999
1553451459,1553451819,360,0.72,4.319999999999999
1553457971,1553458331,360,0.72,4.319999999999999
1553461352,1553461712,360,0.72,4.319999999999999
1553500359,1553500719,360,0.72,4.319999999999999
1553545143,1553545503,360,0.72,4.319999999999999
1553554095,1553554455,360,0.72,4.319999999999999
1553582921,1553583281,360,0.72,4.319999999999999
1553590584,1553590944,360,0.72,4.319999999999999
1553592032,1553592392,360,0.72,4.319999999999999
1553627613,1553627973,360,0.72,4.319999999999999
1553677297,1553677657,360,0.72,4.319999999999999
1553723490,1553723850,360,0.72,4.319999999999999
1553754708,1553755068,360,0.72,4.319999999999999
1553756300,1553756660,360,0.72,4.319999999999999
1553809485,1553809845,360,0.72,4.319999999999999
1553899157,1553899517,360,0.72,4.319999999999999
1553913494,1553913854,360,0.72,4.319999999999999
1553946101,1553946461,360,0.72,4.319999999999999
1554101226,1554101586,360,0.72,4.319999999999999
1554116810,1554117170,360,0.72,4.319999999999999
1554184786,1554185146,360,0.72,4.319999999999999
1554188868,1554189228,360,0.72,4.319999999999999
1554198548,1554198908,360,0.0,0.0
1554198586,1554198946,360,0.0,0.0
1554198805,1554199165,360,0.0,0.0
1554198817,1554199177,360,0.0,0.0
1554242098,1554242458,360,0.72,4.319999999999999
1554285793,1554286153,360,0.72,4.319999999999999
1554353956,1554354316,360,0.72,4.319999999999999
1554356842,1554357202,360,0.72,4.319999999999999
1554398016,1554398376,360,0.72,4.319999999999999
1554454646,1554455006,360,0.72,4.319999999999999
1554490031,1554490391,360,0.72,4.319999999999999
1554536037,1554536397,360,0.72,4.319999999999999
1554540069,1554540429,360,0.72,4.319999999999999
1554552091,1554552451,360,0.72,4.319999999999999
1554561496,1554561856,360,0.72,4.319999999999999
1554619425,1554619785,360,0.72,4.319999999999999
1554809311,1554809671,360,0.72,4.319999999999999
1554813025,1554813385,360,0.72,4.319999999999999
1554837469,1554837829,360,0.72,4.319999999999999
1554878053,1554878413,360,0.72,4.319999999999999
1554964652,1554965012,360,0.72,4.319999999999999
1555014763,1555015123,360,0.72,4.319999999999999
1555029155,1555029515,360,0.72,4.319999999999999
1555029412,1555029772,360,0.72,4.319999999999999
1555050478,1555050838,360,0.72,4.319999999999999
1555087104,1555087464,360,0.72,4.319999999999999
1555092734,1555093094,360,0.72,4.319999999999999
1555092903,1555093263,360,0.72,4.319999999999999
1555107040,1555107400,360,0.72,4.319999999999999
1555137573,1555137933,360,0.72,4.319999999999999
1555174628,1555174988,360,0.72,4.319999999999999
1555183692,1555184052,360,0.72,4.319999999999999
1555186865,1555187225,360,0.72,4.319999999999999
1555277354,1555277714,360,0.72,4.319999999999999
1555311575,1555311935,360,0.72,4.319999999999999
1555365095,1555365455,360,0.72,4.319999999999999
1555365230,1555365590,360,0.72,4.319999999999999
1555424885,1555425245,360,0.72,4.319999999999999
1555435897,1555436257,360,0.72,4.319999999999999
1555444663,1555445023,360,0.72,4.319999999999999
1555480560,1555480920,360,0.72,4.319999999999999
1555482141,1555482501,360,0.72,4.319999999999999
1555519309,1555519669,360,0.72,4.319999999999999
1555553982,1555554342,360,0.72,4.319999999999999
1555571225,1555571585,360,0.72,4.319999999999999
1555690394,1555690754,360,0.72,4.319999999999999
1555718891,1555719251,360,0.72,4.319999999999999
1555747201,1555747561,360,0.72,4.319999999999999
1555747661,1555748021,360,0.72,4.319999999999999
1555758741,1555759101,360,0.72,4.319999999999999
1555876922,1555877282,360,0.72,4.319999999999999
1555911733,1555912093,360,0.72,4.319999999999999
1555924978,1555925338,360,0.72,4.319999999999999
1555935311,1555935671,360,0.72,4.319999999999999
1555971967,1555972327,360,0.72,4.319999999999999
1555997121,1555997481,360,0.72,4.319999999999999
1556001680,1556002040,360,0.72,4.319999999999999
1556025827,1556026187,360,0.72,4.319999999999999
1556034959,1556035319,360,0.72,4.319999999999999
1556085129,1556085489,360,0.72,4.319999999999999
1556088063,1556088423,360,0.72,4.319999999999999
1556131954,1556132314,360,0.72,4.319999999999999
1556226975,1556227335,360,0.72,4.319999999999999
1556257222,1556257582,360,0.72,4.319999999999999
1556261707,1556262067,360,0.72,4.319999999999999
1556272697,1556273057,360,0.72,4.319999999999999
1556295120,1556295480,360,0.72,4.319999999999999
1556295524,1556295884,360,0.72,4.319999999999999
1556321691,1556322051,360,0.72,4.319999999999999
1556325600,1556325960,360,0.72,4.319999999999999
1556325680,1556326040,360,0.72,4.319999999999999
1556330915,1556331275,360,0.72,4.319999999999999
1556354882,1556355242,360,0.72,4.319999999999999
1556358652,1556359012,360,0.72,4.319999999999999
1556394657,1556395017,360,0.72,4.319999999999999
1556395115,1556395475,360,0.72,4.319999999999999
1556406023,1556406383,360,0.72,4.319999999999999
1556450968,1556451328,360,0.72,4.319999999999999
1556455994,1556456354,360,0.72,4.319999999999999
1556517910,1556518270,360,0.72,4.319999999999999
1556647428,1556647788,360,0.72,4.319999999999999
1556697100,1556697460,360,0.72,4.319999999999999
1556700792,1556701152,360,0.72,4.319999999999999
1556706853,1556707213,360,0.72,4.319999999999999
1556746331,1556746691,360,0.72,4.319999999999999
1556776013,1556776373,360,0.72,4.319999999999999
1556779313,1556779673,360,0.72,4.319999999999999
1556823483,1556823843,360,0.72,4.319999999999999
1556862715,1556863075,360,0.72,4.319999999999999
1556867567,1556867927,360,0.72,4.319999999999999
1556948206,1556948566,360,0.72,4.319999999999999
1556953176,1556953536,360,0.72,4.319999999999999
1556980343,1556980703,360,0.72,4.319999999999999
1557041484,1557041844,360,0.72,4.319999999999999
1557169715,1557170075,360,0.72,4.319999999999999
1557170017,1557170377,360,0.72,4.319999999999999
1557170525,1557170885,360,0.72,4.319999999999999
1557182892,1557183252,360,0.72,4.319999999999999
1557183220,1557183580,360,0.72,4.319999999999999
1557183648,1557184008,360,0.72,4.319999999999999
1557184426,1557184786,360,0.72,4.319999999999999
1557229081,1557229441,360,0.72,4.319999999999999
1557229085,1557229445,360,0.72,4.319999999999999
1557251648,1557252008,360,0.72,4.319999999999999
1557292998,1557293358,360,0.72,4.319999999999999
1557332904,1557333264,360,0.72,4.319999999999999
1557378569,1557378929,360,0.72,4.319999999999999
1557423882,1557424242,360,0.72,4.319999999999999
1557426968,1557427328,360,0.72,4.319999999999999
1557436053,1557436413,360,0.72,4.319999999999999
1557471996,1557472356,360,0.72,4.319999999999999
1557472165,1557472525,360,0.72,4.319999999999999
1557473467,1557473827,360,0.72,4.319999999999999
1557768396,1557768756,360,0.72,4.319999999999999
1557812255,1557812615,360,0.72,4.319999999999999
1557815021,1557815381,360,0.72,4.319999999999999
1557866033,1557866393,360,0.72,4.319999999999999
1557866216,1557866576,360,0.72,4.319999999999999
1557898684,1557899044,360,0.72,4.319999999999999
1557953798,1557954158,360,0.72,4.319999999999999
1557986676,1557987036,360,0.72,4.319999999999999
1558100276,1558100636,360,0.72,4.319999999999999
1558142563,1558142923,360,0.72,4.319999999999999
1558174512,1558174872,360,0.72,4.319999999999999
1558212879,1558213239,360,0.72,4.319999999999999
1558235218,1558235578,360,0.72,4.319999999999999
1558236085,1558236445,360,0.72,4.319999999999999
1558252813,1558253173,360,0.72,4.319999999999999
1558266267,1558266627,360,0.72,4.319999999999999
1558266735,1558267095,360,0.72,4.319999999999999
1558274769,1558275129,360,0.72,4.319999999999999
1558283271,1558283631,360,0.72,4.319999999999999
1558290062,1558290422,360,0.72,4.319999999999999
1558297270,1558297630,360,0.72,4.319999999999999
1558335601,1558335961,360,0.72,4.319999999999999
1558336036,1558336396,360,0.72,4.319999999999999
1558336345,1558336705,360,0.72,4.319999999999999
1558336719,1558337079,360,0.72,4.319999999999999
1558349926,1558350286,360,0.72,4.319999999999999
1558363087,1558363447,360,0.72,4.319999999999999
1558364420,1558364780,360,0.72,4.319999999999999
1558383941,1558384301,360,0.72,4.319999999999999
1558419553,1558419913,360,0.72,4.319999999999999
1558420651,1558421011,360,0.72,4.319999999999999
1558516160,1558516520,360,0.72,4.319999999999999
1558592107,1558592467,360,0.72,4.319999999999999
1558603545,1558603905,360,0.72,4.319999999999999
1558628532,1558628892,360,0.72,4.319999999999999
1558676085,1558676445,360,0.72,4.319999999999999
1558680201,1558680561,360,0.72,4.319999999999999
1558736161,1558736521,360,0.72,4.319999999999999
1558752041,1558752401,360,0.72,4.319999999999999
1558770103,1558770463,360,0.72,4.319999999999999
1558775086,1558775446,360,0.72,4.319999999999999
1558776133,1558776493,360,0.72,4.319999999999999
1558792769,1558793129,360,0.72,4.319999999999999
1558794128,1558794488,360,0.72,4.319999999999999
1558798137,1558798497,360,0.72,4.319999999999999
1558809319,1558809679,360,0.72,4.319999999999999
1558817673,1558818033,360,0.72,4.319999999999999
1558852869,1558853229,360,0.72,4.319999999999999
1558988998,1558989358,360,0.72,4.319999999999999
1558997297,1558997657,360,0.72,4.319999999999999
1559021520,1559021880,360,0.72,4.319999999999999
1559022958,1559023318,360,0.72,4.319999999999999
1559145641,1559146001,360,0.72,4.319999999999999
1559147224,1559147584,360,0.72,4.319999999999999
1559196256,1559196616,360,0.72,4.319999999999999
1559198275,1559198635,360,0.72,4.319999999999999
1559199934,1559200294,360,0.72,4.319999999999999
1559206709,1559207069,360,0.72,4.319999999999999
1559208270,1559208630,360,0.72,4.319999999999999
1559227017,1559227377,360,0.72,4.319999999999999
1559250808,1559251168,360,0.72,4.319999999999999
1559281653,1559282013,360,0.72,4.319999999999999
1559284894,1559285254,360,0.72,4.319999999999999
1559366596,1559366956,360,0.72,4.319999999999999
1559372645,1559373005,360,0.72,4.319999999999999
1559378513,1559378873,360,0.72,4.319999999999999
1559379842,1559380202,360,0.72,4.319999999999999
1559396044,1559396404,360,0.72,4.319999999999999
1559396070,1559396430,360,0.72,4.319999999999999
1559397299,1559397659,360,0.72,4.319999999999999
1559423725,1559424085,360,0.72,4.319999999999999
1559441519,1559441879,360,0.72,4.319999999999999
1559469238,1559469598,360,0.72,4.319999999999999
1559498096,1559498456,360,0.72,4.319999999999999
1559498156,1559498516,360,0.72,4.319999999999999
1559590516,1559590876,360,0.72,4.319999999999999
1559592457,1559592817,360,0.72,4.319999999999999
1559633744,1559634104,360,0.72,4.319999999999999
1559639532,1559639892,360,0.72,4.319999999999999
1559654310,1559654670,360,0.72,4.319999999999999
1559687275,1559687635,360,0.72,4.319999999999999
1559716482,1559716842,360,0.72,4.319999999999999
1559735677,1559736037,360,0.72,4.319999999999999
1559799343,1559799703,360,0.72,4.319999999999999
1559800024,1559800384,360,0.72,4.319999999999999
1559805332,1559805692,360,0.72,4.319999999999999
1559842551,1559842911,360,0.72,4.319999999999999
1559863692,1559864052,360,0.72,4.319999999999999
1559868257,1559868617,360,0.72,4.319999999999999
1559870090,1559870450,360,0.72,4.319999999999999
1559892687,1559893047,360,0.72,4.319999999999999
1559895066,1559895426,360,0.72,4.319999999999999
1559902218,1559902578,360,0.72,4.319999999999999
1559907513,1559907873,360,0.72,4.319999999999999
1559911916,1559912276,360,0.72,4.319999999999999
1559913383,1559913743,360,0.72,4.319999999999999
1559920799,1559921159,360,0.72,4.319999999999999
1559921635,1559921995,360,0.72,4.319999999999999
1559938082,1559938442,360,0.72,4.319999999999999
1559977388,1559977748,360,0.72,4.319999999999999
1560025858,1560026218,360,0.72,4.319999999999999
1560062193,1560062553,360,0.72,4.319999999999999
1560076598,1560076958,360,0.72,4.319999999999999
1560094358,1560094718,360,0.72,4.319999999999999
1560116944,1560117304,360,0.72,4.319999999999999
1560118486,1560118846,360,0.72,4.319999999999999
1560146031,1560146391,360,0.72,4.319999999999999
1560169361,1560169721,360,0.72,4.319999999999999
1560176489,1560176849,360,0.72,4.319999999999999
1560204641,1560205001,360,0.72,4.319999999999999
1560231364,1560231724,360,0.72,4.319999999999999
1560235007,1560235367,360,0.72,4.319999999999999
1560242766,1560243126,360,0.72,4.319999999999999
1560287951,1560288311,360,0.72,4.319999999999999
1560288323,1560288683,360,0.72,4.319999999999999
1560317593,1560317953,360,0.72,4.319999999999999
1560319533,1560319893,360,0.72,4.319999999999999
1560331284,1560331644,360,0.72,4.319999999999999
1560345163,1560345523,360,0.72,4.319999999999999
1560406121,1560406481,360,0.72,4.319999999999999
1560408037,1560408397,360,0.72,4.319999999999999
1560452378,1560452738,360,0.72,4.319999999999999
1560452380,1560452740,360,0.72,4.319999999999999
1560454786,1560455146,360,0.72,4.319999999999999
1560468986,1560469346,360,0.72,4.319999999999999
1560492449,1560492809,360,0.72,4.319999999999999
1560492511,1560492871,360,0.72,4.319999999999999
1560551600,1560551960,360,0.72,4.319999999999999
1560552251,1560552611,360,0.72,4.319999999999999
1560584456,1560584816,360,0.72,4.319999999999999
1560611879,1560612239,360,0.72,4.319999999999999
1560612144,1560612504,360,0.72,4.319999999999999
1560667554,1560667914,360,0.72,4.319999999999999
1560670964,1560671324,360,0.72,4.319999999999999
1560675516,1560675876,360,0.72,4.319999999999999
1560675704,1560676064,360,0.72,4.319999999999999
1560676480,1560676840,360,0.72,4.319999999999999
1560678322,1560678682,360,0.72,4.319999999999999
1560678554,1560678914,360,0.72,4.319999999999999
1560679013,1560679373,360,0.72,4.319999999999999
1560682574,1560682934,360,0.72,4.319999999999999
1560682939,1560683299,360,0.72,4.319999999999999
1560686889,1560687249,360,0.72,4.319999999999999
1560708211,1560708571,360,0.72,4.319999999999999
1560751085,1560751445,360,0.72,4.319999999999999
1560753259,1560753619,360,0.72,4.319999999999999
1560754006,1560754366,360,0.72,4.319999999999999
1560798571,1560798931,360,0.72,4.319999999999999
1560836269,1560836629,360,0.72,4.319999999999999
1560837663,1560838023,360,0.72,4.319999999999999
1560891525,1560891885,360,0.72,4.319999999999999
1560891742,1560892102,360,0.72,4.319999999999999
1560927191,1560927551,360,0.72,4.319999999999999
1560934620,1560934980,360,0.72,4.319999999999999
1561015262,1561015622,360,0.72,4.319999999999999
1561112763,1561113123,360,0.72,4.319999999999999
1561114919,1561115279,360,0.72,4.319999999999999
1561119147,1561119507,360,0.72,4.319999999999999
1561139819,1561140179,360,0.72,4.319999999999999
1561172509,1561172869,360,0.72,4.319999999999999
1561186489,1561186849,360,0.72,4.319999999999999
1561198543,1561198903,360,0.72,4.319999999999999
1561208657,1561209017,360,0.72,4.319999999999999
1561209132,1561209492,360,0.72,4.319999999999999
1561218377,1561218737,360,0.72,4.319999999999999
1561218382,1561218742,360,0.72,4.319999999999999
1561221764,1561222124,360,0.72,4.319999999999999
1561268377,1561268737,360,0.72,4.319999999999999
1561355741,1561356101,360,0.72,4.319999999999999
1561356914,1561357274,360,0.72,4.319999999999999
1561359776,1561360136,360,0.72,4.319999999999999
1561440151,1561440511,360,0.72,4.319999999999999
1561441603,1561441963,360,0.72,4.319999999999999
1561483675,1561484035,360,0.72,4.319999999999999
1561529646,1561530006,360,0.72,4.319999999999999
1561530214,1561530574,360,0.72,4.319999999999999
1561531135,1561531495,360,0.72,4.319999999999999
1561537243,1561537603,360,0.72,4.319999999999999
1561544370,1561544730,360,0.72,4.319999999999999
1561546282,1561546642,360,0.72,4.319999999999999
1561550328,1561550688,360,0.72,4.319999999999999
1561616446,1561616806,360,0.72,4.319999999999999
1561624526,1561624886,360,0.72,4.319999999999999
1561795836,1561796196,360,0.72,4.319999999999999
1561802939,1561803299,360,0.72,4.319999999999999
1561816193,1561816553,360,0.72,4.319999999999999
1561818151,1561818511,360,0.72,4.319999999999999
1561832620,1561832980,360,0.72,4.319999999999999
1561839608,1561839968,360,0.72,4.319999999999999
1561882423,1561882783,360,0.72,4.319999999999999
1561882800,1561883160,360,0.72,4.319999999999999
1561883123,1561883483,360,0.72,4.319999999999999
1561917245,1561917605,360,0.72,4.319999999999999
1561933936,1561934296,360,0.72,4.319999999999999
1561964077,1561964437,360,0.72,4.319999999999999
1562135591,1562135951,360,0.72,4.319999999999999
1562135803,1562136163,360,0.72,4.319999999999999
1562136074,1562136434,360,0.72,4.319999999999999
1562143279,1562143639,360,0.72,4.319999999999999
1562161132,1562161492,360,0.72,4.319999999999999
1562167983,1562168343,360,0.72,4.319999999999999
1562180770,1562181130,360,0.72,4.319999999999999
1562180880,1562181240,360,0.72,4.319999999999999
1562219587,1562219947,360,0.72,4.319999999999999
1562221566,1562221926,360,0.72,4.319999999999999
1562269796,1562270156,360,0.72,4.319999999999999
1562308174,1562308534,360,0.72,4.319999999999999
1562339279,1562339639,360,0.72,4.319999999999999
1562358538,1562358898,360,0.72,4.319999999999999
1562395502,1562395862,360,0.72,4.319999999999999
1562396119,1562396479,360,0.72,4.319999999999999
1562400678,1562401038,360,0.72,4.319999999999999
1562408079,1562408439,360,0.72,4.319999999999999
1562425013,1562425373,360,0.72,4.319999999999999
1562434461,1562434821,360,0.72,4.319999999999999
1562449568,1562449928,360,0.72,4.319999999999999
1562467222,1562467582,360,0.72,4.319999999999999
1562485873,1562486233,360,0.72,4.319999999999999
1562492248,1562492608,360,0.72,4.319999999999999
1562497304,1562497664,360,0.72,4.319999999999999
1562504590,1562504950,360,0.72,4.319999999999999
1562505309,1562505669,360,0.72,4.319999999999999
1562523170,1562523530,360,0.72,4.319999999999999
1562569805,1562570165,360,0.72,4.319999999999999
1562605947,1562606307,360,0.72,4.319999999999999
1562607864,1562608224,360,0.72,4.319999999999999
1562618147,1562618507,360,0.72,4.319999999999999
1562671261,1562671621,360,0.72,4.319999999999999
1562738561,1562738921,360,0.72,4.319999999999999
1562739428,1562739788,360,0.72,4.319999999999999
1562778689,1562779049,360,0.72,4.319999999999999
1562793725,1562794085,360,0.72,4.319999999999999
1562804478,1562804838,360,0.72,4.319999999999999
1562827828,1562828188,360,0.72,4.319999999999999
1562917881,1562918241,360,0.72,4.319999999999999
1562960671,1562961031,360,0.72,4.319999999999999
1562962204,1562962564,360,0.72,4.319999999999999
1562962272,1562962632,360,0.72,4.319999999999999
1563050776,1563051136,360,0.72,4.319999999999999
1563101128,1563101488,360,0.72,4.319999999999999
1563104613,1563104973,360,0.72,4.319999999999999
1563109486,1563109846,360,0.72,4.319999999999999
1563119323,1563119683,360,0.72,4.319999999999999
1563177124,1563177484,360,0.72,4.319999999999999
1563210805,1563211165,360,0.72,4.319999999999999
1563211529,1563211889,360,0.72,4.319999999999999
1563214467,1563214827,360,0.72,4.319999999999999
1563222799,1563223159,360,0.72,4.319999999999999
1563257508,1563257868,360,0.72,4.319999999999999
1563262458,1563262818,360,0.72,4.319999999999999
1563264886,1563265246,360,0.72,4.319999999999999
1563270009,1563270369,360,0.72,4.319999999999999
1563276487,1563276847,360,0.72,4.319999999999999
1563277069,1563277429,360,0.72,4.319999999999999
1563294680,1563295040,360,0.72,4.319999999999999
1563314502,1563314862,360,0.72,4.319999999999999
1563436201,1563436561,360,0.72,4.319999999999999
1563520113,1563520473,360,0.72,4.319999999999999
1563564486,1563564846,360,0.72,4.319999999999999
1563606504,1563606864,360,0.72,4.319999999999999
1563635860,1563636220,360,0.72,4.319999999999999
1563636423,1563636783,360,0.72,4.319999999999999
1563665449,1563665809,360,0.72,4.319999999999999
1563689482,1563689842,360,0.72,4.319999999999999
1563691839,1563692199,360,0.72,4.319999999999999
1563722546,1563722906,360,0.72,4.319999999999999
1563776614,1563776974,360,0.72,4.319999999999999
1563825817,1563826177,360,0.72,4.319999999999999
1563834191,1563834551,360,0.72,4.319999999999999
1563863153,1563863513,360,0.72,4.319999999999999
1563873843,1563874203,360,0.72,4.319999999999999
1563980361,1563980721,360,0.72,4.319999999999999
1564015214,1564015574,360,0.72,4.319999999999999
1564034916,1564035276,360,0.72,4.319999999999999
1564079577,1564079937,360,0.72,4.319999999999999
1564122562,1564122922,360,0.72,4.319999999999999
1564210635,1564210995,360,0.72,4.319999999999999
1564211293,1564211653,360,0.72,4.319999999999999
1564211865,1564212225,360,0.72,4.319999999999999
1564213459,1564213819,360,0.72,4.319999999999999
1564223648,1564224008,360,0.72,4.319999999999999
1564234475,1564234835,360,0.72,4.319999999999999
1564242620,1564242980,360,0.72,4.319999999999999
1564298209,1564298569,360,0.72,4.319999999999999
1564308199,1564308559,360,0.72,4.319999999999999
1564384288,1564384648,360,0.72,4.319999999999999
1564384807,1564385167,360,0.72,4.319999999999999
1564394653,1564395013,360,0.72,4.319999999999999
1564437071,1564437431,360,0.72,4.319999999999999
1564494455,1564494815,360,0.72,4.319999999999999
1564499093,1564499453,360,0.72,4.319999999999999
1564504352,1564504712,360,0.72,4.319999999999999
1564526420,1564526780,360,0.72,4.319999999999999
1564554565,1564554925,360,0.72,4.319999999999999
1564602760,1564603120,360,0.72,4.319999999999999
1564605319,1564605679,360,0.72,4.319999999999999
1564936432,1564936792,360,0.72,4.319999999999999
1564936563,1564936923,360,0.72,4.319999999999999
1564941001,1564941361,360,0.72,4.319999999999999
1564986639,1564986999,360,0.72,4.319999999999999
1564992086,1564992446,360,0.72,4.319999999999999
1565034248,1565034608,360,0.72,4.319999999999999
1565040810,1565041170,360,0.72,4.319999999999999
1565047447,1565047807,360,0.72,4.319999999999999
1565047667,1565048027,360,0.72,4.319999999999999
1565047952,1565048312,360,0.72,4.319999999999999
1565075667,1565076027,360,0.72,4.319999999999999
1565096419,1565096779,360,0.72,4.319999999999999
1565098011,1565098371,360,0.72,4.319999999999999
1565202965,1565203325,360,0.72,4.319999999999999
1565257019,1565257379,360,0.72,4.319999999999999
1565287685,1565288045,360,0.72,4.319999999999999
1565287770,1565288130,360,0.72,4.319999999999999
1565346976,1565347336,360,0.72,4.319999999999999
1565376728,1565377088,360,0.72,4.319999999999999
1565716805,1565717165,360,0.72,4.319999999999999
1565800731,1565801091,360,0.72,4.319999999999999
1565857968,1565858328,360,0.72,4.319999999999999
1565858086,1565858446,360,0.72,4.319999999999999
1565866814,1565867174,360,0.72,4.319999999999999
1565871753,1565872113,360,0.72,4.319999999999999
1565875373,1565875733,360,0.72,4.319999999999999
1565877785,1565878145,360,0.72,4.319999999999999
1565892166,1565892526,360,0.72,4.319999999999999
1565892622,1565892982,360,0.72,4.319999999999999
1565942055,1565942415,360,0.72,4.319999999999999
1565942139,1565942499,360,0.72,4.319999999999999
1565942351,1565942711,360,0.72,4.319999999999999
1565986119,1565986479,360,0.72,4.319999999999999
1565992079,1565992439,360,0.72,4.319999999999999
1565995241,1565995601,360,0.72,4.319999999999999
1566031375,1566031735,360,0.72,4.319999999999999
1566157738,1566158098,360,0.72,4.319999999999999
1566199130,1566199490,360,0.72,4.319999999999999
1566204347,1566204707,360,0.72,4.319999999999999
1566205378,1566205738,360,0.72,4.319999999999999
1566492492,1566492852,360,0.72,4.319999999999999
1566492701,1566493061,360,0.72,4.319999999999999
1566494683,1566495043,360,0.72,4.319999999999999
1566754775,1566755135,360,0.72,4.319999999999999
1566804312,1566804672,360,0.72,4.319999999999999
1566842773,1566843133,360,0.72,4.319999999999999
1566850636,1566850996,360,0.72,4.319999999999999
1567139045,1567139405,360,0.72,4.319999999999999
1567168960,1567169320,360,0.72,4.319999999999999
1567179717,1567180077,360,0.72,4.319999999999999
1567235056,1567235416,360,0.72,4.319999999999999
1567249490,1567249850,360,0.72,4.319999999999999
1567261866,1567262226,360,0.72,4.319999999999999
1567270672,1567271032,360,0.72,4.319999999999999
1567330250,1567330610,360,0.72,4.319999999999999
1567348897,1567349257,360,0.72,4.319999999999999
1567355801,1567356161,360,0.72,4.319999999999999
1567362171,1567362531,360,0.72,4.319999999999999
1567407531,1567407891,360,0.72,4.319999999999999
1567451677,1567452037,360,0.72,4.319999999999999
1567459612,1567459972,360,0.72,4.319999999999999
1567493531,1567493891,360,0.72,4.319999999999999
1567577176,1567577536,360,0.72,4.319999999999999
1567603848,1567604208,360,0.72,4.319999999999999
1567665864,1567666224,360,0.72,4.319999999999999
1567711210,1567711570,360,0.72,4.319999999999999
1567751262,1567751622,360,0.72,4.319999999999999
1567825993,1567826353,360,0.72,4.319999999999999
1567846538,1567846898,360,0.72,4.319999999999999
1567873494,1567873854,360,0.72,4.319999999999999
1567877293,1567877653,360,0.72,4.319999999999999
1567963699,1567964059,360,0.72,4.319999999999999
1567975258,1567975618,360,0.72,4.319999999999999
1568058413,1568058773,360,0.72,4.319999999999999
1568063335,1568063695,360,0.72,4.319999999999999
1568094732,1568095092,360,0.72,4.319999999999999
1568100303,1568100663,360,0.72,4.319999999999999
1568184762,1568185122,360,0.72,4.319999999999999
1568398352,1568398712,360,0.72,4.319999999999999
1568426271,1568426631,360,0.72,4.319999999999999
1568426553,1568426913,360,0.72,4.319999999999999
1568441548,1568441908,360,0.72,4.319999999999999
1568455477,1568455837,360,0.72,4.319999999999999
1568484843,1568485203,360,0.72,4.319999999999999
1568569672,1568570032,360,0.72,4.319999999999999
1568574532,1568574892,360,0.72,4.319999999999999
1568613527,1568613887,360,0.72,4.319999999999999
1568655692,1568656052,360,0.72,4.319999999999999
1568657228,1568657588,360,0.72,4.319999999999999
1568657351,1568657711,360,0.72,4.319999999999999
1568702165,1568702525,360,0.72,4.319999999999999
1568706830,1568707190,360,0.72,4.319999999999999
1568715706,1568716066,360,0.72,4.319999999999999
1568753142,1568753502,360,0.72,4.319999999999999
1568790594,1568790954,360,0.72,4.319999999999999
1568796911,1568797271,360,0.72,4.319999999999999
1568803951,1568804311,360,0.72,4.319999999999999
1568808253,1568808613,360,0.72,4.319999999999999
1568813259,1568813619,360,0.72,4.319999999999999
1568819354,1568819714,360,0.72,4.319999999999999
1568874455,1568874815,360,0.72,4.319999999999999
1568889214,1568889574,360,0.72,4.319999999999999
1568964309,1568964669,360,0.72,4.319999999999999
1569023729,1569024089,360,0.72,4.319999999999999
1569048455,1569048815,360,0.72,4.319999999999999
1569051592,1569051952,360,0.72,4.319999999999999
1569052044,1569052404,360,0.72,4.319999999999999
1569070662,1569071022,360,0.72,4.319999999999999
1569070840,1569071200,360,0.72,4.319999999999999
1569080217,1569080577,360,0.72,4.319999999999999
1569091173,1569091533,360,0.72,4.319999999999999
1569139479,1569139839,360,0.72,4.319999999999999
1569143101,1569143461,360,0.72,4.319999999999999
1569216999,1569217359,360,0.72,4.319999999999999
1569219321,1569219681,360,0.72,4.319999999999999
1569249494,1569249854,360,0.72,4.319999999999999
1569256780,1569257140,360,0.72,4.319999999999999
1569277444,1569277804,360,0.72,4.319999999999999
1569278346,1569278706,360,0.72,4.319999999999999
1569279028,1569279388,360,0.72,4.319999999999999
1569306869,1569307229,360,0.72,4.319999999999999
1569338006,1569338366,360,0.72,4.319999999999999
1569344860,1569345220,360,0.72,4.319999999999999
1569362028,1569362388,360,0.72,4.319999999999999
1569386204,1569386564,360,0.72,4.319999999999999
1569480963,1569481323,360,0.72,4.319999999999999
1569482243,1569482603,360,0.72,4.319999999999999
1569495993,1569496353,360,0.72,4.319999999999999
1569507587,1569507947,360,0.72,4.319999999999999
1569512240,1569512600,360,0.72,4.319999999999999
1569534882,1569535242,360,0.72,4.319999999999999
1569565068,1569565428,360,0.72,4.319999999999999
1569567092,1569567452,360,0.72,4.319999999999999
1569604323,1569604683,360,0.72,4.319999999999999
1569610735,1569611095,360,0.72,4.319999999999999
1569612181,1569612541,360,0.72,4.319999999999999
1569631801,1569632161,360,0.72,4.319999999999999
1569667115,1569667475,360,0.72,4.319999999999999
1569678992,1569679352,360,0.72,4.319999999999999
1569740837,1569741197,360,0.72,4.319999999999999
1569748843,1569749203,360,0.72,4.319999999999999
1569777582,1569777942,360,0.72,4.319999999999999
1569780342,1569780702,360,0.72,4.319999999999999
1569822002,1569822362,360,0.72,4.319999999999999
1569823291,1569823651,360,0.72,4.319999999999999
1569831533,1569831893,360,0.72,4.319999999999999
1569880212,1569880572,360,0.72,4.319999999999999
1569911506,1569911866,360,0.72,4.319999999999999
1569913004,1569913364,360,0.72,4.319999999999999
1569915889,1569916249,360,0.72,4.319999999999999
1569943714,1569944074,360,0.72,4.319999999999999
1569946276,1569946636,360,0.72,4.319999999999999
1569948548,1569948908,360,0.72,4.319999999999999
1570140234,1570140594,360,0.72,4.319999999999999
1570141033,1570141393,360,0.72,4.319999999999999
1570170036,1570170396,360,0.72,4.319999999999999
1570171061,1570171421,360,0.72,4.319999999999999
1570225562,1570225922,360,0.72,4.319999999999999
1570259133,1570259493,360,0.72,4.319999999999999
1570281126,1570281486,360,0.72,4.319999999999999
1570292044,1570292404,360,0.72,4.319999999999999
1570300642,1570301002,360,0.72,4.319999999999999
1570345837,1570346197,360,0.72,4.319999999999999
1570357133,1570357493,360,0.72,4.319999999999999
1570367501,1570367861,360,0.72,4.319999999999999
1570375387,1570375747,360,0.72,4.319999999999999
1570392573,1570392933,360,0.72,4.319999999999999
1570432077,1570432437,360,0.72,4.319999999999999
1570464110,1570464470,360,0.72,4.319999999999999
1570480451,1570480811,360,0.72,4.319999999999999
1570532808,1570533168,360,0.72,4.319999999999999
1570560357,1570560717,360,0.72,4.319999999999999
1570600580,1570600940,360,0.72,4.319999999999999
1570601060,1570601420,360,0.72,4.319999999999999
1570652554,1570652914,360,0.72,4.319999999999999
1570688883,1570689243,360,0.72,4.319999999999999
1570701436,1570701796,360,0.72,4.319999999999999
1570725796,1570726156,360,0.72,4.319999999999999
1570726782,1570727142,360,0.72,4.319999999999999
1570831861,1570832221,360,0.72,4.319999999999999
1570831920,1570832280,360,0.72,4.319999999999999
1570863422,1570863782,360,0.72,4.319999999999999
1570875757,1570876117,360,0.72,4.319999999999999
1570889840,1570890200,360,0.72,4.319999999999999
1570891066,1570891426,360,0.72,4.319999999999999
1570906721,1570907081,360,0.72,4.319999999999999
1570907368,1570907728,360,0.72,4.319999999999999
1570918098,1570918458,360,0.72,4.319999999999999
1570920732,1570921092,360,0.72,4.319999999999999
1570924009,1570924369,360,0.72,4.319999999999999
1570950741,1570951101,360,0.72,4.319999999999999
1570951701,1570952061,360,0.72,4.319999999999999
1570956249,1570956609,360,0.72,4.319999999999999
1570959645,1570960005,360,0.72,4.319999999999999
1570970205,1570970565,360,0.72,4.319999999999999
1570975808,1570976168,360,0.72,4.319999999999999
1570979612,1570979972,360,0.72,4.319999999999999
1571001252,1571001612,360,0.72,4.319999999999999
1571031072,1571031432,360,0.72,4.319999999999999
1571033993,1571034353,360,0.72,4.319999999999999
1571078487,1571078847,360,0.72,4.319999999999999
1571081120,1571081480,360,0.72,4.319999999999999
1571147458,1571147818,360,0.72,4.319999999999999
1571149371,1571149731,360,0.72,4.319999999999999
1571150599,1571150959,360,0.72,4.319999999999999
1571205546,1571205906,360,0.72,4.319999999999999
1571206768,1571207128,360,0.72,4.319999999999999
1571291425,1571291785,360,0.72,4.319999999999999
1571341002,1571341362,360,0.72,4.319999999999999
1571381487,1571381847,360,0.72,4.319999999999999
1571451541,1571451901,360,0.72,4.319999999999999
1571468205,1571468565,360,0.72,4.319999999999999
1571488019,1571488379,360,0.72,4.319999999999999
1571489835,1571490195,360,0.72,4.319999999999999
1571490054,1571490414,360,0.72,4.319999999999999
1571490876,1571491236,360,0.72,4.319999999999999
1571497381,1571497741,360,0.72,4.319999999999999
1571556524,1571556884,360,0.72,4.319999999999999
1571558430,1571558790,360,0.72,4.319999999999999
1571725945,1571726305,360,0.72,4.319999999999999
1571731255,1571731615,360,0.72,4.319999999999999
1571748809,1571749169,360,0.72,4.319999999999999
1571751529,1571751889,360,0.72,4.319999999999999
1571813879,1571814239,360,0.72,4.319999999999999
1571895062,1571895422,360,0.72,4.319999999999999
1571959033,1571959393,360,0.72,4.319999999999999
1571966747,1571967107,360,0.72,4.319999999999999
1571981770,1571982130,360,0.72,4.319999999999999
1572059977,1572060337,360,0.72,4.319999999999999
1572089807,1572090167,360,0.72,4.319999999999999
1572103840,1572104200,360,0.72,4.319999999999999
1572121389,1572121749,360,0.72,4.319999999999999
1572160935,1572161295,360,0.72,4.319999999999999
1572211102,1572211462,360,0.72,4.319999999999999
1572217452,1572217812,360,0.72,4.319999999999999
1572218238,1572218598,360,0.72,4.319999999999999
1572249468,1572249828,360,0.72,4.319999999999999
1572299860,1572300220,360,0.72,4.319999999999999
1572301658,1572302018,360,0.72,4.319999999999999
1572302580,1572302940,360,0.72,4.319999999999999
1593957456,1593957816,360,0.72,4.319999999999999
1593958290,1593958650,360,0.72,4.319999999999999
1593965761,1593966121,360,0.72,4.319999999999999
1593976225,1593976585,360,0.72,4.319999999999999
1594014356,1594014716,360,0.72,4.319999999999999
1594014762,1594015122,360,0.72,4.319999999999999
1594041485,1594041845,360,0.72,4.319999999999999
1594044550,1594044910,360,0.72,4.319999999999999
1594046701,1594047061,360,0.72,4.319999999999999
1594061703,1594062063,360,0.72,4.319999999999999
1594062719,1594063079,360,0.72,4.319999999999999
1594063962,1594064322,360,0.72,4.319999999999999
1594066875,1594067235,360,0.72,4.319999999999999
1594101422,1594101782,360,0.72,4.319999999999999
1594103238,1594103598,360,0.72,4.319999999999999
1594108192,1594108552,360,0.72,4.319999999999999
1594126847,1594127207,360,0.72,4.319999999999999
1594144972,1594145332,360,0.72,4.319999999999999
1594158068,1594158428,360,0.72,4.319999999999999
1594191079,1594191439,360,0.72,4.319999999999999
1594192367,1594192727,360,0.72,4.319999999999999
1594196010,1594196370,360,0.72,4.319999999999999
1594196687,1594197047,360,0.72,4.319999999999999
1594210196,1594210556,360,0.72,4.319999999999999
1594211942,1594212302,360,0.72,4.319999999999999
1594224899,1594225259,360,0.72,4.319999999999999
1594226372,1594226732,360,0.72,4.319999999999999
1594250168,1594250528,360,0.72,4.319999999999999
1594276842,1594277202,360,0.72,4.319999999999999
1594278778,1594279138,360,0.72,4.319999999999999
1594279605,1594279965,360,0.72,4.319999999999999
1594364787,1594365147,360,0.72,4.319999999999999
1594367841,1594368201,360,0.72,4.319999999999999
1594373383,1594373743,360,0.72,4.319999999999999
1594398218,1594398578,360,0.72,4.319999999999999
1594404621,1594404981,360,0.72,4.319999999999999
1594447556,1594447916,360,0.72,4.319999999999999
1594452627,1594452987,360,0.72,4.319999999999999
1594472896,1594473256,360,0.72,4.319999999999999
1594488732,1594489092,360,0.72,4.319999999999999
1594544178,1594544538,360,0.72,4.319999999999999
1594545573,1594545933,360,0.72,4.319999999999999
1594559217,1594559577,360,0.72,4.319999999999999
1594578773,1594579133,360,0.72,4.319999999999999
1594629888,1594630248,360,0.72,4.319999999999999
1594636416,1594636776,360,0.72,4.319999999999999
1594641112,1594641472,360,0.72,4.319999999999999
1594643525,1594643885,360,0.72,4.319999999999999
1594649036,1594649396,360,0.72,4.319999999999999
1594655518,1594655878,360,0.72,4.319999999999999
1594670057,1594670417,360,0.72,4.319999999999999
1594715212,1594715572,360,0.72,4.319999999999999
1594716853,1594717213,360,0.72,4.319999999999999
1594731672,1594732032,360,0.72,4.319999999999999
1594736326,1594736686,360,0.72,4.319999999999999
1594835903,1594836263,360,0.72,4.319999999999999
1594836632,1594836992,360,0.72,4.319999999999999
1594841880,1594842240,360,0.72,4.319999999999999
1594842653,1594843013,360,0.72,4.319999999999999
1594844856,1594845216,360,0.72,4.319999999999999
1594849925,1594850285,360,0.72,4.319999999999999
1594887142,1594887502,360,0.72,4.319999999999999
1594905628,1594905988,360,0.72,4.319999999999999
1594910184,1594910544,360,0.72,4.319999999999999
1594912661,1594913021,360,0.72,4.319999999999999
1594968007,1594968367,360,0.72,4.319999999999999
1594977064,1594977424,360,0.72,4.319999999999999
1594985771,1594986131,360,0.72,4.319999999999999
1594995779,1594996139,360,0.72,4.319999999999999
1595065101,1595065461,360,0.72,4.319999999999999
1595066750,1595067110,360,0.72,4.319999999999999
1595070341,1595070701,360,0.72,4.319999999999999
1595071191,1595071551,360,0.72,4.319999999999999
1595073137,1595073497,360,0.72,4.319999999999999
1595085025,1595085385,360,0.72,4.319999999999999
1595086126,1595086486,360,0.72,4.319999999999999
1595090238,1595090598,360,0.72,4.319999999999999
1595090322,1595090682,360,0.72,4.319999999999999
1595092595,1595092955,360,0.72,4.319999999999999
1595102001,1595102361,360,0.72,4.319999999999999
1595105882,1595106242,360,0.72,4.319999999999999
1595109271,1595109631,360,0.72,4.319999999999999
1595145352,1595145712,360,0.72,4.319999999999999
1595152311,1595152671,360,0.72,4.319999999999999
1595153579,1595153939,360,0.72,4.319999999999999
1595167247,1595167607,360,0.72,4.319999999999999
1595180074,1595180434,360,0.72,4.319999999999999
1595184258,1595184618,360,0.72,4.319999999999999
1595226659,1595227019,360,0.72,4.319999999999999
1595230144,1595230504,360,0.72,4.319999999999999
1595288499,1595288859,360,0.72,4.319999999999999
1595316252,1595316612,360,0.72,4.319999999999999
1595318544,1595318904,360,0.72,4.319999999999999
1595321690,1595322050,360,0.72,4.319999999999999
1595328233,1595328593,360,0.72,4.319999999999999
1595338446,1595338806,360,0.72,4.319999999999999
1595372405,1595372765,360,0.72,4.319999999999999
1595411789,1595412149,360,0.72,4.319999999999999
1595420957,1595421317,360,0.72,4.319999999999999
1595422501,1595422861,360,0.72,4.319999999999999
1595488921,1595489281,360,0.72,4.319999999999999
1595520675,1595521035,360,0.72,4.319999999999999
1595554261,1595554621,360,0.72,4.319999999999999
1595576451,1595576811,360,0.72,4.319999999999999
1595577415,1595577775,360,0.72,4.319999999999999
1595663323,1595663683,360,0.72,4.319999999999999
1595665136,1595665496,360,0.72,4.319999999999999
1595680954,1595681314,360,0.72,4.319999999999999
1595696425,1595696785,360,0.72,4.319999999999999
1595697844,1595698204,360,0.72,4.319999999999999
1595749430,1595749790,360,0.72,4.319999999999999
1595752017,1595752377,360,0.72,4.319999999999999
1595755955,1595756315,360,0.72,4.319999999999999
1595789184,1595789544,360,0.72,4.319999999999999
1595789796,1595790156,360,0.72,4.319999999999999
1595833724,1595834084,360,0.72,4.319999999999999
1595847331,1595847691,360,0.72,4.319999999999999
1595866917,1595867277,360,0.72,4.319999999999999
1595886344,1595886704,360,0.72,4.319999999999999
1595893098,1595893458,360,0.72,4.319999999999999
1595916772,1595917132,360,0.72,4.319999999999999
1595924798,1595925158,360,0.72,4.319999999999999
1595939214,1595939574,360,0.72,4.319999999999999
1595946269,1595946629,360,0.72,4.319999999999999
1596010570,1596010930,360,0.72,4.319999999999999
1596042920,1596043280,360,0.72,4.319999999999999
1596043541,1596043901,360,0.72,4.319999999999999
1596045174,1596045534,360,0.72,4.319999999999999
1596045458,1596045818,360,0.72,4.319999999999999
1596048236,1596048596,360,0.72,4.319999999999999
1596093419,1596093779,360,0.72,4.319999999999999
1596094006,1596094366,360,0.72,4.319999999999999
1596096148,1596096508,360,0.72,4.319999999999999
1596105783,1596106143,360,0.72,4.319999999999999
1596109922,1596110282,360,0.72,4.319999999999999
1596110725,1596111085,360,0.72,4.319999999999999
1596147350,1596147710,360,0.72,4.319999999999999
1596175578,1596175938,360,0.72,4.319999999999999
1596180507,1596180867,360,0.72,4.319999999999999
1596190795,1596191155,360,0.72,4.319999999999999
1596204148,1596204508,360,0.72,4.319999999999999
1596226485,1596226845,360,0.72,4.319999999999999
1596261243,1596261603,360,0.72,4.319999999999999
1596270008,1596270368,360,0.72,4.319999999999999
1596276142,1596276502,360,0.72,4.319999999999999
1596284265,1596284625,360,0.72,4.319999999999999
1596286367,1596286727,360,0.72,4.319999999999999
1596286754,1596287114,360,0.72,4.319999999999999
1596289232,1596289592,360,0.72,4.319999999999999
1596290293,1596290653,360,0.72,4.319999999999999
1596296197,1596296557,360,0.72,4.319999999999999
1596310652,1596311012,360,0.72,4.319999999999999
1596321124,1596321484,360,0.72,4.319999999999999
1596352701,1596353061,360,0.72,4.319999999999999
1596356483,1596356843,360,0.72,4.319999999999999
1596363719,1596364079,360,0.72,4.319999999999999
1596366812,1596367172,360,0.72,4.319999999999999
1596371480,1596371840,360,0.72,4.319999999999999
1596378718,1596379078,360,0.72,4.319999999999999
1596395268,1596395628,360,0.72,4.319999999999999
1596400773,1596401133,360,0.72,4.319999999999999
1596439068,1596439428,360,0.72,4.319999999999999
1596441119,1596441479,360,0.72,4.319999999999999
1596443820,1596444180,360,0.72,4.319999999999999
1596453527,1596453887,360,0.72,4.319999999999999
1596483360,1596483720,360,0.72,4.319999999999999
1596525312,1596525672,360,0.72,4.319999999999999
1596541558,1596541918,360,0.72,4.319999999999999
1596547158,1596547518,360,0.72,4.319999999999999
1596547381,1596547741,360,0.72,4.319999999999999
1596562214,1596562574,360,0.72,4.319999999999999
1596592600,1596592960,360,0.72,4.319999999999999
1596613727,1596614087,360,0.72,4.319999999999999
1596620558,1596620918,360,0.72,4.319999999999999
1596621734,1596622094,360,0.72,4.319999999999999
1596628575,1596628935,360,0.72,4.319999999999999
1596640920,1596641280,360,0.72,4.319999999999999
1596647171,1596647531,360,0.72,4.319999999999999
1596650074,1596650434,360,0.72,4.319999999999999
1596694447,1596694807,360,0.72,4.319999999999999
1596698816,1596699176,360,0.72,4.319999999999999
1596703623,1596703983,360,0.72,4.319999999999999
1596704862,1596705222,360,0.72,4.319999999999999
1596708625,1596708985,360,0.72,4.319999999999999
1596718718,1596719078,360,0.72,4.319999999999999
1596731606,1596731966,360,0.72,4.319999999999999
1596757871,1596758231,360,0.72,4.319999999999999
1596782630,1596782990,360,0.72,4.319999999999999
1596789073,1596789433,360,0.72,4.319999999999999
1596797707,1596798067,360,0.72,4.319999999999999
1596848586,1596848946,360,0.72,4.319999999999999
1596853595,1596853955,360,0.72,4.319999999999999
1596868507,1596868867,360,0.72,4.319999999999999
1596871629,1596871989,360,0.72,4.319999999999999
1596877437,1596877797,360,0.72,4.319999999999999
1596883633,1596883993,360,0.72,4.319999999999999
1596893919,1596894279,360,0.72,4.319999999999999
1596905183,1596905543,360,0.72,4.319999999999999
1596905193,1596905553,360,0.72,4.319999999999999
1596958156,1596958516,360,0.72,4.319999999999999
1596958564,1596958924,360,0.72,4.319999999999999
1596959060,1596959420,360,0.72,4.319999999999999
1596983700,1596984060,360,0.72,4.319999999999999
1596991406,1596991766,360,0.72,4.319999999999999
1596997229,1596997589,360,0.72,4.319999999999999
1597183194,1597183554,360,0.72,4.319999999999999
1597762685,1597763045,360,0.72,4.319999999999999
1597763126,1597763486,360,0.72,4.319999999999999
1597790291,1597790651,360,0.72,4.319999999999999
1597817323,1597817683,360,0.72,4.319999999999999
1597817449,1597817809,360,0.72,4.319999999999999
1597817698,1597818058,360,0.72,4.319999999999999
1598451527,1598451887,360,0.72,4.319999999999999
1598475643,1598476003,360,0.72,4.319999999999999
1598480475,1598480835,360,0.72,4.319999999999999
1598506569,1598506929,360,0.72,4.319999999999999
1598511278,1598511638,360,0.72,4.319999999999999
1598517276,1598517636,360,0.72,4.319999999999999
1598525963,1598526323,360,0.72,4.319999999999999
1598527885,1598528245,360,0.72,4.319999999999999
1598528630,1598528990,360,0.72,4.319999999999999
1598538935,1598539295,360,0.72,4.319999999999999
1598550419,1598550779,360,0.72,4.319999999999999
1598596680,1598597040,360,0.72,4.319999999999999
1598601407,1598601767,360,0.72,4.319999999999999
1598605007,1598605367,360,0.72,4.319999999999999
1598608681,1598609041,360,0.72,4.319999999999999
1598615121,1598615481,360,0.72,4.319999999999999
1598625400,1598625760,360,0.72,4.319999999999999
1598639403,1598639763,360,0.72,4.319999999999999
1598685587,1598685947,360,0.72,4.319999999999999
1598689004,1598689364,360,0.72,4.319999999999999
1598696430,1598696790,360,0.72,4.319999999999999
1598709730,1598710090,360,0.72,4.319999999999999
1598723663,1598724023,360,0.72,4.319999999999999
1598744658,1598745018,360,0.72,4.319999999999999
1598772689,1598773049,360,0.72,4.319999999999999
1598782824,1598783184,360,0.72,4.319999999999999
1598797544,1598797904,360,0.72,4.319999999999999
1598865686,1598866046,360,0.72,4.319999999999999
1598876618,1598876978,360,0.72,4.319999999999999
1598881055,1598881415,360,0.72,4.319999999999999
1598914360,1598914720,360,0.72,4.319999999999999
1598945498,1598945858,360,0.72,4.319999999999999
1598946152,1598946512,360,0.72,4.319999999999999
1598959015,1598959375,360,0.72,4.319999999999999
1598985964,1598986324,360,0.72,4.319999999999999
1599032603,1599032963,360,0.72,4.319999999999999
1599034406,1599034766,360,0.72,4.319999999999999
1599046276,1599046636,360,0.72,4.319999999999999
1599061951,1599062311,360,0.72,4.319999999999999
1599071758,1599072118,360,0.72,4.319999999999999
1599089002,1599089362,360,0.72,4.319999999999999
1599121949,1599122309,360,0.72,4.319999999999999
1599125528,1599125888,360,0.72,4.319999999999999
1599141975,1599142335,360,0.72,4.319999999999999
1599169786,1599170146,360,0.72,4.319999999999999
1599222752,1599223112,360,0.72,4.319999999999999
1599246640,1599247000,360,0.72,4.319999999999999
1599256546,1599256906,360,0.72,4.319999999999999
1599289472,1599289832,360,0.72,4.319999999999999
1599293081,1599293441,360,0.72,4.319999999999999
1599295965,1599296325,360,0.72,4.319999999999999
1599300847,1599301207,360,0.72,4.319999999999999
1599319929,1599320289,360,0.72,4.319999999999999
1599331824,1599332184,360,0.72,4.319999999999999
1599338772,1599339132,360,0.72,4.319999999999999
1599359221,1599359581,360,0.72,4.319999999999999
1599376264,1599376624,360,0.72,4.319999999999999
1599377700,1599378060,360,0.72,4.319999999999999
1599378260,1599378620,360,0.72,4.319999999999999
1599568310,1599568670,360,0.72,4.319999999999999
1599593238,1599593598,360,0.72,4.319999999999999
1599608864,1599609224,360,0.72,4.319999999999999
1599633822,1599634182,360,0.72,4.319999999999999
1599635312,1599635672,360,0.72,4.319999999999999
1599688821,1599689181,360,0.72,4.319999999999999
1599689481,1599689841,360,0.72,4.319999999999999
1599745954,1599746314,360,0.72,4.319999999999999
1599800800,1599801160,360,0.72,4.319999999999999
1599827997,1599828357,360,0.72,4.319999999999999
1599843274,1599843634,360,0.72,4.319999999999999
1599895669,1599896029,360,0.72,4.319999999999999
1599900915,1599901275,360,0.72,4.319999999999999
1599908862,1599909222,360,0.72,4.319999999999999
1599934054,1599934414,360,0.72,4.319999999999999
1599949286,1599949646,360,0.72,4.319999999999999
1599966496,1599966856,360,0.72,4.319999999999999
1599989343,1599989703,360,0.72,4.319999999999999
1599991705,1599992065,360,0.72,4.319999999999999
1600016177,1600016537,360,0.72,4.319999999999999
1600065685,1600066045,360,0.72,4.319999999999999
1600069777,1600070137,360,0.72,4.319999999999999
1600080850,1600081210,360,0.72,4.319999999999999
1600115709,1600116069,360,0.72,4.319999999999999
1600149263,1600149623,360,0.72,4.319999999999999
1600156260,1600156620,360,0.72,4.319999999999999
1600158499,1600158859,360,0.72,4.319999999999999
1600161108,1600161468,360,0.72,4.319999999999999
1600169382,1600169742,360,0.72,4.319999999999999
1600182718,1600183078,360,0.72,4.319999999999999
1600214746,1600215106,360,0.72,4.319999999999999
1600239626,1600239986,360,0.72,4.319999999999999
1600252499,1600252859,360,0.72,4.319999999999999
1600260283,1600260643,360,0.72,4.319999999999999
1600260525,1600260885,360,0.72,4.319999999999999
1600264116,1600264476,360,0.72,4.319999999999999
1600326698,1600327058,360,0.72,4.319999999999999
1600334202,1600334562,360,0.72,4.319999999999999
1600355514,1600355874,360,0.72,4.319999999999999
1600383453,1600383813,360,0.72,4.319999999999999
1600410913,1600411273,360,0.72,4.319999999999999
1600468401,1600468761,360,0.72,4.319999999999999
1600483768,1600484128,360,0.72,4.319999999999999
1600503634,1600503994,360,0.72,4.319999999999999
1600524591,1600524951,360,0.72,4.319999999999999
1600535409,1600535769,360,0.72,4.319999999999999
1600556809,1600557169,360,0.72,4.319999999999999
1600586835,1600587195,360,0.72,4.319999999999999
1600592080,1600592440,360,0.72,4.319999999999999
1600593272,1600593632,360,0.72,4.319999999999999
1600609940,1600610300,360,0.72,4.319999999999999
1600630807,1600631167,360,0.72,4.319999999999999
1600644503,1600644863,360,0.72,4.319999999999999
1600674798,1600675158,360,0.72,4.319999999999999
1600677429,1600677789,360,0.72,4.319999999999999
1600692364,1600692724,360,0.72,4.319999999999999
1600704391,1600704751,360,0.72,4.319999999999999
1600728001,1600728361,360,0.72,4.319999999999999
1600757992,1600758352,360,0.72,4.319999999999999
1600761801,1600762161,360,0.72,4.319999999999999
1600762920,1600763280,360,0.72,4.319999999999999
1600764860,1600765220,360,0.72,4.319999999999999
1600772772,1600773132,360,0.72,4.319999999999999
1600774202,1600774562,360,0.72,4.319999999999999
1600780583,1600780943,360,0.72,4.319999999999999
1600785870,1600786230,360,0.72,4.319999999999999
1600795541,1600795901,360,0.72,4.319999999999999
1600807836,1600808196,360,0.72,4.319999999999999
1600815137,1600815497,360,0.72,4.319999999999999
1600839273,1600839633,360,0.72,4.319999999999999
1600874455,1600874815,360,0.72,4.319999999999999
1600897720,1600898080,360,0.72,4.319999999999999
1600927726,1600928086,360,0.72,4.319999999999999
1600930127,1600930487,360,0.72,4.319999999999999
1600980160,1600980520,360,0.72,4.319999999999999
1601017538,1601017898,360,0.72,4.319999999999999
1601023534,1601023894,360,0.72,4.319999999999999
1601034992,1601035352,360,0.72,4.319999999999999
1601055068,1601055428,360,0.72,4.319999999999999
1601105770,1601106130,360,0.72,4.319999999999999
1601110951,1601111311,360,0.72,4.319999999999999
1601132890,1601133250,360,0.72,4.319999999999999
1601135392,1601135752,360,0.72,4.319999999999999
1601148901,1601149261,360,0.72,4.319999999999999
1601195202,1601195562,360,0.72,4.319999999999999
1601216212,1601216572,360,0.72,4.319999999999999
1601223672,1601224032,360,0.72,4.319999999999999
1601244557,1601244917,360,0.72,4.319999999999999
1601275140,1601275500,360,0.72,4.319999999999999
1601276293,1601276653,360,0.72,4.319999999999999
1601295202,1601295562,360,0.72,4.319999999999999
1601303506,1601303866,360,0.72,4.319999999999999
1601306413,1601306773,360,0.72,4.319999999999999
1601317749,1601318109,360,0.72,4.319999999999999
1601377309,1601377669,360,0.72,4.319999999999999
1601415075,1601415435,360,0.72,4.319999999999999
1601448801,1601449161,360,0.72,4.319999999999999
1601452100,1601452460,360,0.72,4.319999999999999
1601457928,1601458288,360,0.72,4.319999999999999
1601497923,1601498283,360,0.72,4.319999999999999
1601511893,1601512253,360,0.72,4.319999999999999
1601533767,1601534127,360,0.72,4.319999999999999
1601540856,1601541216,360,0.72,4.319999999999999
1601541344,1601541704,360,0.72,4.319999999999999
1601554307,1601554667,360,0.72,4.319999999999999
1601574489,1601574849,360,0.72,4.319999999999999
1601621289,1601621649,360,0.72,4.319999999999999
1601665521,1601665881,360,0.72,4.319999999999999
1601707150,1601707510,360,0.72,4.319999999999999
1601739021,1601739381,360,0.72,4.319999999999999
1601757058,1601757418,360,0.72,4.319999999999999
1601766175,1601766535,360,0.72,4.319999999999999
1601796050,1601796410,360,0.72,4.319999999999999
1601804768,1601805128,360,0.72,4.319999999999999
1601807409,1601807769,360,0.72,4.319999999999999
1601838527,1601838887,360,0.72,4.319999999999999
1601881774,1601882134,360,0.72,4.319999999999999
1601882711,1601883071,360,0.72,4.319999999999999
1601897286,1601897646,360,0.72,4.319999999999999
1601904826,1601905186,360,0.72,4.319999999999999
1601916185,1601916545,360,0.72,4.319999999999999
1601928990,1601929350,360,0.72,4.319999999999999
1601963853,1601964213,360,0.72,4.319999999999999
1601967072,1601967432,360,0.72,4.319999999999999
1602013168,1602013528,360,0.72,4.319999999999999
1602052294,1602052654,360,0.72,4.319999999999999
1602053945,1602054305,360,0.72,4.319999999999999
1602054820,1602055180,360,0.72,4.319999999999999
1602084937,1602085297,360,0.72,4.319999999999999
1602107817,1602108177,360,0.72,4.319999999999999
1602140224,1602140584,360,0.72,4.319999999999999
1602140611,1602140971,360,0.72,4.319999999999999
1602149874,1602150234,360,0.72,4.319999999999999
1602177157,1602177517,360,0.72,4.319999999999999
1602179193,1602179553,360,0.72,4.319999999999999
1602194306,1602194666,360,0.72,4.319999999999999
1602223746,1602224106,360,0.72,4.319999999999999
1602228072,1602228432,360,0.72,4.319999999999999
1602265641,1602266001,360,0.72,4.319999999999999
1602310766,1602311126,360,0.72,4.319999999999999
1602312181,1602312541,360,0.72,4.319999999999999
1602320395,1602320755,360,0.72,4.319999999999999
1602329344,1602329704,360,0.72,4.319999999999999
1602346100,1602346460,360,0.72,4.319999999999999
1602366920,1602367280,360,0.72,4.319999999999999
1602401411,1602401771,360,0.72,4.319999999999999
1602413081,1602413441,360,0.72,4.319999999999999
1602416186,1602416546,360,0.72,4.319999999999999
1602455186,1602455546,360,0.72,4.319999999999999
1602481467,1602481827,360,0.72,4.319999999999999
1602482083,1602482443,360,0.72,4.319999999999999
1602483015,1602483375,360,0.72,4.319999999999999
1602528379,1602528739,360,0.72,4.319999999999999
1602568504,1602568864,360,0.72,4.319999999999999
1602574608,1602574968,360,0.72,4.319999999999999
1602610937,1602611297,360,0.72,4.319999999999999
1602612895,1602613255,360,0.72,4.319999999999999
1602622997,1602623357,360,0.72,4.319999999999999
1602623600,1602623960,360,0.72,4.319999999999999
1602657202,1602657562,360,0.72,4.319999999999999
1602663830,1602664190,360,0.72,4.319999999999999
1602708142,1602708502,360,0.72,4.319999999999999
1602709214,1602709574,360,0.72,4.319999999999999
1602710452,1602710812,360,0.72,4.319999999999999
1602713262,1602713622,360,0.72,4.319999999999999
1602736791,1602737151,360,0.72,4.319999999999999
1602747255,1602747615,360,0.72,4.319999999999999
1602748699,1602749059,360,0.72,4.319999999999999
1602787485,1602787845,360,0.72,4.319999999999999
1602790748,1602791108,360,0.72,4.319999999999999
1602793109,1602793469,360,0.72,4.319999999999999
1602822174,1602822534,360,0.72,4.319999999999999
1603006741,1603007101,360,0.72,4.319999999999999
1603018060,1603018420,360,0.72,4.319999999999999
1603264814,1603265174,360,0.72,4.319999999999999
1603297236,1603297596,360,0.72,4.319999999999999
